ID,Category,Post Title,Skill Level,Hook,Content Summary,Senior Insight,CTA,Hashtags,Status
1,Modular Monoliths,Scaling with Intent: Why Modular Monoliths Shine for SaaS,Advanced,"Microservices aren't always the silver bullet. For many SaaS applications, a well-architected modular monolith offers superior agility and maintainability.","Detail decision-making for modular monolith at Wise Talent. Explain Rails Engines for domain boundaries (CandidateManagement, LinkedinIntegration). Discuss benefits: dev speed, team collaboration, reduced operational complexity.",Balance domain isolation with single deployment. Strategic advantage of clear path to extract microservices when needed.,What architectural choices have you made to balance agility and scalability in your projects?,#softwarearchitecture #modularmonolith #railsengines #rubyonrails #saasdevelopment #fullstackengineering,Draft
2,Modular Monoliths,From Spaghetti to Structure: Implementing DDD with Rails Engines,Advanced,Taming the growing monolith: How Rails Engines can be your secret weapon for enforcing Domain-Driven Design principles and preventing technical debt.,"Practical DDD implementation with Rails Engines. Examples: AI (resume optimization), Core (user management). How structure enforces contracts, simplifies testing, improves readability. Challenges and lessons learned.","Long-term maintainability, easier onboarding with clear context. Connects to overall quality and robustness.",How do you enforce domain boundaries in your monolithic applications?,#domaindrivendesign #railsengines #rubyonrails #technicaldebt #softwarecraftsmanship #backenddevelopment,Scheduled
3,Design Systems,Bridging Design and Code: Building a Robust Design System for Wise Talent,Intermediate,"A Design System isn't just about pretty UI. It's the shared language that unites designers and developers, ensuring consistency and accelerating innovation.","Building Design System journey: React, TypeScript, Storybook. Design tokens, reusable components, guidelines. TypeScript for type safety and consistency.","Strategic importance for multi-tenant SaaS: consistent UX, reduced frontend dev time. Challenges of adoption and maintenance.",What's the most impactful benefit you've seen from using a Design System?,#designsystem #react #typescript #frontenddevelopment #developerexperience #uxengineering,Draft
4,Design Systems,DX First: How a Design System Empowers Fullstack Teams,Intermediate,Happy developers build better products. A well-implemented Design System is a game-changer for Developer Experience.,"DX benefits: standardized components, clear docs, automated testing (visual regression). Frees developers to focus on business logic. Rapid prototyping, consistent delivery.","DX improvements → business outcomes: faster TTM, higher quality, reduced onboarding. Culture of contribution to Design System.",How has a Design System improved your team's productivity or DX?,#developerexperience #designsystem #react #frontendarchitecture #fullstackdevelopment #productengineering,Draft
5,AI Integration,Beyond the Hype: Practical AI Integrations for Real-World Products,Intermediate,AI isn't just for chatbots. It's a powerful tool to enhance core product features and deliver tangible user value.,"Wise Talent AI roadmap: Resume Optimizer, Interview Prep Assistant. OpenAI API for user pain points. Challenges: prompt engineering, data privacy, API costs. Integration architecture overview.",Product-led AI approach: start with user problems. Human oversight and feedback loops for accuracy.,What's a product feature you believe could be revolutionized by AI?,#aiintegration #openaiapi #productdevelopment #fullstackai #machinelearning #wisetalent,Draft
6,AI Integration,Ethical AI and Error Handling: Building Trust in Intelligent Systems,Advanced,"AI systems are only as good as their guardrails. Building trust means designing for explainability, fairness, and robust error handling.","Ethical considerations for LLMs in career advice/resume optimization. Strategies: AI failure handling, fallback mechanisms, data privacy. Transparency and user control.",Fullstack engineers role in ethical AI: data governance to user feedback. Robust error handling → long-term trust and credibility.,How do you approach ethical considerations when integrating AI into your products?,#ethicalai #aiethics #errorhandling #llms #fullstackdevelopment #trustandsafety,Draft
7,Elasticsearch,Beyond Basic Search: Elasticsearch for Real-time Analytics,Intermediate,Search is just the beginning. How Elasticsearch transforms raw data into actionable insights for real-time decision-making.,"Elasticsearch beyond search: logging, monitoring, real-time analytics dashboards. Data structuring for optimal querying/aggregation. Challenges: ingestion, performance tuning.","Architectural considerations for fullstack integration: data sync strategies, scaling for high-volume data.",How do you use Elasticsearch beyond traditional search?,#elasticsearch #search #analytics #fullstackdevelopment #dataengineering,Draft
8,Elasticsearch,Scaling Search: Elasticsearch Architecture for High-Traffic Apps,Advanced,When millions of searches per day meet sub-second response times: architecting Elasticsearch for production scale.,"Production scaling patterns: sharding strategies, replica management, cluster design. Performance optimization: indexing, query tuning, caching. Monitoring and observability.",Cost-performance tradeoffs in infrastructure decisions. Capacity planning for growth.,What's your approach to scaling search infrastructure?,#elasticsearch #scalability #distributedystems #performanceengineering #devops,Draft
9,AWS,The Hidden Costs of AWS: A Senior Engineer's Guide to Cost Optimization,Intermediate,Your AWS bill is a reflection of your architecture. How to design for performance AND cost efficiency.,"Cost drivers analysis: compute, storage, data transfer. Optimization strategies: right-sizing, reserved instances, spot instances, S3 lifecycle policies. Real-world savings examples.","Cost optimization as continuous practice, not one-time effort. Building cost-aware culture in engineering teams.",What's your biggest AWS cost optimization win?,#aws #costoptimization #cloudcomputing #devops #finops,Draft
10,Database,The Art of Database Modeling: Designing for Scale and Performance,Intermediate,A well-designed database schema is the foundation of a high-performance application. It's an art and a science.,"Database modeling principles: relational vs NoSQL, normalization vs denormalization, indexing strategies. Impact on query performance and scalability. Schema design tools and techniques.","Anticipating future access patterns, adapting to business changes. Trade-offs in modeling approaches.",What's a database modeling decision that saved (or cost) you a lot of headaches?,#databasemodeling #performancetuning #sql #nosql #fullstackdevelopment,Draft
11,Database,Unlocking Query Performance: Advanced SQL and Indexing Techniques,Advanced,"Your database is fast, but your queries are slow? It's time to master the art of query optimization.","Advanced SQL: EXPLAIN plans, indexes (B-tree, hash, covering), subqueries vs JOINs, anti-patterns. Concrete examples of optimizations.","Continuous query monitoring, identifying production bottlenecks. Query performance → UX and system stability.",Share your favorite SQL optimization trick!,#sql #queryoptimization #databaseperformance #backendengineering #dataengineering,Draft
12,GraphQL,Building Flexible APIs with GraphQL: A Fullstack Perspective,Beginner,Tired of over-fetching and under-fetching? GraphQL empowers your frontend and streamlines your backend.,"GraphQL vs REST: single endpoint, declarative data fetching, reduced round trips, improved DX. Schema definition and query examples. React + Ruby/Node.js integration.","GraphQL adoption challenges: caching, N+1 problems, security, schema evolution. When to use GraphQL vs REST.",What's your biggest win (or challenge) with GraphQL?,#graphql #api #fullstackdevelopment #react #backenddevelopment,Draft
13,GraphQL,Real-time Data with GraphQL Subscriptions: Powering Dynamic UIs,Intermediate,Static data is a thing of the past. How GraphQL Subscriptions bring real-time updates to your applications with elegance.,"GraphQL Subscriptions for real-time data flow. Setup examples: ActionCable in Rails, WebSockets in Node.js, React frontend consumption. Use cases: notifications, chat, dashboards.","Scaling real-time GraphQL: message brokers, auth/authz for subscriptions.",How are you handling real-time data in your current projects?,#graphql #realtime #websockets #fullstack #frontenddevelopment,Draft
14,Docker,Dockerizing Your Fullstack Dev Environment: Consistency from Dev to Prod,Beginner,'It works on my machine' is dead. Docker brings consistency and reproducibility to your entire development workflow.,"Dockerizing fullstack apps (Rails API + React). Dockerfile best practices, docker-compose for multi-service, volume mounting. Benefits: easy onboarding, environment parity.","Docker facilitates local dev, testing, deployment. Intro to container orchestration (Kubernetes concepts).",What's the one Docker feature you can't live without?,#docker #devops #fullstackdevelopment #containerization #developmentenvironment,Draft
15,Docker,Advanced Docker: Multi-stage Builds and Optimization,Advanced,"Beyond docker run: Mastering advanced Docker techniques for smaller, faster, and more secure images.","Advanced concepts: multi-stage builds, .dockerignore, layer caching, securing images. Examples for React and Rails.","Optimized images → faster deployments, reduced cloud costs, improved security. Image scanning and vulnerability management.",Share your best Docker image optimization tip!,#docker #devops #containeroptimization #security #fullstack,Draft
16,AI Agents,Building Autonomous AI Agents: The Next Frontier in Software Automation,Advanced,"Beyond chatbots: AI Agents are not just tools, they're intelligent collaborators that can execute complex tasks autonomously.","AI Agents architecture: LLM as brain, tools, memory, planning. Frameworks (LangChain, AutoGPT). Multi-step tasks, workflow automation, API interaction. Use cases in business/productivity.","Challenges: prompt engineering, tool orchestration, hallucinations, ethical use. Fullstack engineers bridging AI and real-world apps.",What's a task you'd love to automate with an AI Agent?,#aiagents #llms #fullstackai #softwareautomation #emergingtech,Draft
17,AI Agents,Integrating AI Agents into Existing Fullstack Applications,Advanced,How to infuse intelligence into your existing applications: A practical guide to integrating AI Agents without a full rewrite.,"Integration strategies: API design for agents, state management, async operations, UI for agent outputs. Example: AI Agent for CRM lead qualification/email drafting.","Architectural patterns for external AI services. Security, scalability, observability in AI-powered features.",What's the most exciting AI integration you've seen recently?,#aiintegration #fullstackdevelopment #llmops #productengineering #futureoftech,Draft
18,Database Optimization,N+1 Queries: The Silent Performance Killer Every Rails Dev Must Know,Beginner,Your app isn't slow. Your queries are just chatty.,What N+1 queries are and why they destroy performance. Using bullet gem to detect them automatically. The includes/preload/eager_load trio explained with real examples. Before/after benchmarks showing 10x+ improvements. Setting up query logging in development to catch problems early.,"Every N+1 you fix in development saves you an incident in production. Make detection automatic, not heroic.",How many N+1s did you find when you first ran bullet on your codebase? (I found 47),#rails #database #performance #postgresql #backend,Draft
19,Database Optimization,Database Indexes Explained: When to Add Them and When to Stop,Beginner,Indexes aren't magic. They're trade-offs you need to understand.,"What indexes actually do under the hood (B-trees simplified). The 3 cases where indexes help: WHERE clauses, JOINs, ORDER BY. How to read EXPLAIN output to verify indexes are used. The cost: slower writes, more storage. Rule of thumb: index foreign keys and frequently filtered columns first.","Don't index everything. Index what you query. Let slow query logs guide you, not guesswork.",What's your process for deciding which columns to index?,#database #postgresql #mysql #performance #backend,Draft
20,Database Optimization,Query Logging in Development: See Every SQL Your App Runs,Beginner,You can't optimize what you can't see.,Setting up detailed query logging in Rails development. Configuring log tags to trace queries to controllers. Using rack-mini-profiler to see query counts per request. The 'tail -f log/development.log | grep SQL' trick. Building awareness of database impact before it becomes a problem.,Spend a day watching your query logs. You'll learn more about your app's behavior than a week of code review.,Do you regularly check your query logs in development? What surprised you?,#rails #database #debugging #performance #developertools,Draft
21,Database Optimization,Partial Indexes: The PostgreSQL Feature That Shrinks Your Index Size by 90%,Intermediate,Why index a million archived records you'll never query?,"Partial indexes in PostgreSQL: CREATE INDEX ... WHERE status = 'active'. Real-world examples: only indexing non-deleted records, recent orders, active users. Size comparisons showing 10x smaller indexes. Query planner behavior—when partial indexes are used and when they're ignored. Combining with covering indexes for maximum effect.",The best index is the smallest one that covers your queries. Partial indexes let you exclude the data you don't need.,Have you used partial indexes? What was your biggest size reduction?,#postgresql #database #performance #indexing #backend,Draft
22,Database Optimization,"Connection Pooling Done Right: PgBouncer, Rails, and the Thundering Herd",Intermediate,Your database has 100 connections. Your app wants 500. Now what?,Why Rails' built-in connection pool isn't enough at scale. PgBouncer transaction mode vs session mode trade-offs. Calculating pool sizes: (workers × threads) + headroom. Handling the thundering herd on deploys. Monitoring connection usage with pg_stat_activity. When to use connection pooling vs when to scale the database.,Connection exhaustion is a deployment problem disguised as a database problem. Fix your pool config before blaming PostgreSQL.,What's your connection pooling setup? Have you hit connection limits in production?,#postgresql #rails #devops #performance #scaling,Draft
23,Database Optimization,EXPLAIN ANALYZE Deep Dive: Reading Query Plans Like a Pro,Intermediate,EXPLAIN tells you the plan. EXPLAIN ANALYZE tells you the truth.,"Understanding EXPLAIN ANALYZE output: actual vs estimated rows, execution time per node, buffer hits vs reads. Spotting problems: sequential scans on large tables, nested loops with high row counts, sort operations spilling to disk. The BUFFERS option for I/O analysis. Using auto_explain to log slow query plans automatically.",Estimated rows vs actual rows is where the query planner lies to you. Always use ANALYZE in production-like environments.,What's the most surprising thing you've found in an EXPLAIN ANALYZE output?,#postgresql #database #performance #sql #debugging,Draft
24,Database Optimization,Table Partitioning in PostgreSQL: Managing Billions of Rows Without Pain,Advanced,"At some point, your table is too big for indexes to save. That's when you partition.","Native partitioning in PostgreSQL 12+: range, list, and hash strategies. Partitioning time-series data by month/year. Partition pruning and how the query planner eliminates irrelevant partitions. Maintenance: adding new partitions, dropping old ones, VACUUM considerations. Migration strategy: partitioning existing large tables with minimal downtime using pg_partman.","Partition by how you query, not by how you insert. Time-based partitioning only helps if your queries filter by time.",Have you partitioned tables in production? What was your partition key strategy?,#postgresql #database #bigdata #performance #architecture,Draft
25,Database Optimization,Materialized Views for Complex Aggregations: Pre-compute or Suffer,Advanced,Some queries are too expensive to run on every request. Cache them in the database.,"Materialized views for dashboards, reports, and analytics. REFRESH strategies: full refresh, concurrent refresh, incremental refresh patterns. Building near-real-time materialized views with triggers. Indexing materialized views for fast reads. Trade-offs: staleness vs query speed. When to use materialized views vs application-level caching.",Materialized views are database-level caching with SQL semantics. Use them when your cache invalidation logic would be as complex as the query itself.,Do you use materialized views in production? How do you handle refresh timing?,#postgresql #database #analytics #performance #dataengineering,Draft
26,Database Optimization,Zero-Downtime Schema Migrations: Changing Tables with Billions of Rows,Advanced,ALTER TABLE on a billion-row table? Hope you enjoy downtime.,Strategies for zero-downtime migrations at scale. Adding columns: NULL vs DEFAULT in PostgreSQL 11+. Adding indexes: CREATE INDEX CONCURRENTLY and its gotchas. Renaming columns: the dual-write pattern. Changing column types: shadow columns and backfill strategies. Using pg_repack for table rewrites. Lock monitoring and statement_timeout configuration.,Every migration is a production deployment. Test your migrations against production-sized datasets or accept surprise outages.,What's your scariest production migration story? How do you test migrations now?,#postgresql #database #devops #migrations #production,Draft